No,Class,クラス名
1,"000_kit_fox,_Vulpes_macrotis",キットギツネ
2,001_English_setter,イングリッシュ・セター
3,002_Australian_terrier,オーストラリアン・テリア
4,"003_grey_whale,_gray_whale,_devilfish,_Eschrichtius_gibbosus,_Eschrichtius_robustus",コククジラ
5,"004_lesser_panda,_red_panda,_panda,_bear_cat,_cat_bear,_Ailurus_fulgens",レッサーパンダ
6,005_Egyptian_cat,エジプシャンマウ
7,"006_ibex,_Capra_ibex",アイベックス
8,007_Persian_cat,ペルシャ猫
9,"008_cougar,_puma,_catamount,_mountain_lion,_painter,_panther,_Felis_concolor",ピューマ
10,009_gazelle,ガゼル
11,"010_porcupine,_hedgehog",ヤマアラシ
12,011_sea_lion,アシカ
13,012_badger,狸
14,013_Great_Dane,グレート・デーン
15,"014_Scottish_deerhound,_deerhound",スコティッシュ・ディアハウンド
16,"015_killer_whale,_killer,_orca,_grampus,_sea_wolf,_Orcinus_orca",シャチ
17,016_mink,ミンク
18,"017_African_elephant,_Loxodonta_africana",アフリカゾウ
19,"018_red_wolf,_maned_wolf,_Canis_rufus,_Canis_niger",アメリカアカオオカミ
20,"019_jaguar,_panther,_Panthera_onca,_Felis_onca",ジャガー
21,"020_hyena,_hyaena",ハイエナ
22,"021_titi,_titi_monkey",ティティサル
23,"022_three-toed_sloth,_ai,_Bradypus_tridactylus",ミユビナマケモノ
24,023_sorrel,栗毛馬
25,"024_black-footed_ferret,_ferret,_Mustela_nigripes",フェレット
26,"025_dalmatian,_coach_dog,_carriage_dog",ダルメシアン
27,"026_Staffordshire_bullterrier,_Staffordshire_bull_terrier",スタッフォードシャー・ブル・テリア
28,"027_Bouvier_des_Flandres,_Bouviers_des_Flandres",ブービエ・デ・フランダース
29,028_weasel,イタチ
30,029_miniature_poodle,ミニチュアプードル
31,"030_bighorn,_bighorn_sheep,_cimarron,_Rocky_Mountain_bighorn,_Rocky_Mountain_sheep,_Ovis_canadensis",ビッグホーン
32,"031_fox_squirrel,_eastern_fox_squirrel,_Sciurus_niger",キツネリス
33,"032_colobus,_colobus_monkey",コロブスサル
34,033_tiger_cat,ジャガーネコ
35,"034_impala,_Aepyceros_melampus",インパラ
36,"035_coyote,_prairie_wolf,_brush_wolf,_Canis_latrans",コヨーテ
37,036_Yorkshire_terrier,ヨークシャーテリア
38,"037_Newfoundland,_Newfoundland_dog",ニューファンドランド
39,"038_red_fox,_Vulpes_vulpes",アカギツネ
40,039_hartebeest,ハーテビースト
41,"040_grey_fox,_gray_fox,_Urocyon_cinereoargenteus",ハイイロギツネ
42,"041_Pekinese,_Pekingese,_Peke",ペキニーズ
43,"042_guenon,_guenon_monkey",グエノン
44,043_mongoose,マングース
45,"044_indri,_indris,_Indri_indri,_Indri_brevicaudatus",インドリ
46,"045_tiger,_Panthera_tigris",トラ
47,"046_wild_boar,_boar,_Sus_scrofa",イノシシ
48,047_zebra,シマウマ
49,"048_ram,_tup",雄羊
50,"049_orangutan,_orang,_orangutang,_Pongo_pygmaeus",オランウータン
51,050_basenji,バセンジー
52,"051_leopard,_Panthera_pardus",ヒョウ
53,"052_vizsla,_Hungarian_pointer",ショートヘアード・ハンガリアン・ビズラ
54,"053_squirrel_monkey,_Saimiri_sciureus",リスザル
55,"054_Siamese_cat,_Siamese",シャム猫
56,"055_chimpanzee,_chimp,_Pan_troglodytes",チンパンジー
57,056_komondor,コモンドール
58,"057_proboscis_monkey,_Nasalis_larvatus",テングザル
59,"058_guinea_pig,_Cavia_cobaya",モルモット
60,"059_white_wolf,_Arctic_wolf,_Canis_lupus_tundrarum",ホッキョクオオカミ
61,"060_ice_bear,_polar_bear,_Ursus_Maritimus,_Thalarctos_maritimus",ホッキョクグマ
62,"061_gorilla,_Gorilla_gorilla",ゴリラ
63,062_ox,雄牛
64,063_Tibetan_mastiff,チベタン・マスティフ
65,"064_spider_monkey,_Ateles_geoffroyi",クモザル
66,"065_Doberman,_Doberman_pinscher",ドーベルマン
67,066_warthog,イボイノシシ
68,"067_Arabian_camel,_dromedary,_Camelus_dromedarius",ヒトコブラクダ
69,"068_siamang,_Hylobates_syndactylus,_Symphalangus_syndactylus",フクロテナガザル
70,069_golden_retriever,ゴールデンレトリバー
71,070_Border_collie,ボーダー・コリー
72,071_hare,野ウサギ
73,072_boxer,ボクサー
74,"073_patas,_hussar_monkey,_Erythrocebus_patas",パタスモンキー
75,074_baboon,ヒヒ
76,075_macaque,マカク
77,"076_capuchin,_ringtail,_Cebus_capucinus",オマキザル
78,077_flat-coated_retriever,フラットコーテッド・レトリーバー
79,"078_hog,_pig,_grunter,_squealer,_Sus_scrofa",豚
80,"079_Eskimo_dog,_husky",エスキモー・ドッグ
81,080_Brittany_spaniel,ブリタニー・スパニエル
82,"081_dial_telephone,_dial_phone",ダイヤル電話
83,"082_maze,_labyrinth",迷路
84,083_Gordon_setter,ゴードン・セッター
85,"084_dingo,_warrigal,_warragal,_Canis_dingo",ディンゴ
86,085_hamster,ハムスター
87,"086_Arctic_fox,_white_fox,_Alopex_lagopus",ホッキョクギツネ
88,"087_water_buffalo,_water_ox,_Asiatic_buffalo,_Bubalus_bubalis",水牛
89,"088_American_black_bear,_black_bear,_Ursus_americanus,_Euarctos_americanus",アメリカグマ
90,"089_Angora,_Angora_rabbit",アンゴラウサギ
91,090_bison,バイソン
92,"091_howler_monkey,_howler",ホエザル
93,"092_hippopotamus,_hippo,_river_horse,_Hippopotamus_amphibius",カバ
94,"093_giant_panda,_panda,_panda_bear,_coon_bear,_Ailuropoda_melanoleuca",パンダ
95,"094_tabby,_tabby_cat",トラネコ
96,095_marmoset,マーモセット
97,"096_Saint_Bernard,_St_Bernard",セントバーナード
98,097_armadillo,アルマジロ
99,098_redbone,レッドボーン・クーンハウンド
100,"099_polecat,_fitch,_foulmart,_foumart,_Mustela_putorius",ヨーロッパケナガイタチ
101,100_marmot,マーモット
102,"101_gibbon,_Hylobates_lar",テナガザル
103,102_llama,リャマ
104,"103_wood_rabbit,_cottontail,_cottontail_rabbit",ワタオウサギ
105,"104_lion,_king_of_beasts,_Panthera_leo",ライオン
106,"105_Irish_setter,_red_setter",アイリッシュ・セッター
107,"106_dugong,_Dugong_dugon",ジュゴン
108,"107_Indian_elephant,_Elephas_maximus",インドゾウ
109,108_beaver,ビーバー
110,"109_Madagascar_cat,_ring-tailed_lemur,_Lemur_catta",ワオキツネザル
111,110_Rhodesian_ridgeback,ローデシアン・リッジバック
112,"111_lynx,_catamount",オオヤマネコ
113,"112_African_hunting_dog,_hyena_dog,_Cape_hunting_dog,_Lycaon_pictus",リカオン
114,113_langur,ハヌマンラングール
115,"114_timber_wolf,_grey_wolf,_gray_wolf,_Canis_lupus",タイリクオオカミ
116,"115_cheetah,_chetah,_Acinonyx_jubatus",チーター
117,"116_sloth_bear,_Melursus_ursinus,_Ursus_ursinus",ナマケグマ
118,"117_German_shepherd,_German_shepherd_dog,_German_police_dog,_alsatian",ジャーマン・シェパード・ドッグ
119,118_otter,カワウソ
120,"119_koala,_koala_bear,_kangaroo_bear,_native_bear,_Phascolarctos_cinereus",コアラ
121,120_tusker,ゾウ
122,"121_echidna,_spiny_anteater,_anteater",ハリモグラ
123,"122_wallaby,_brush_kangaroo",ワラビー
124,"123_platypus,_duckbill,_duckbilled_platypus,_duck-billed_platypus,_Ornithorhynchus_anatinus",カモノハシ
125,124_wombat,ウォンバット
126,"125_revolver,_six-gun,_six-shooter",回転式拳銃
127,126_umbrella,傘
128,127_schooner,スクーナー
129,128_soccer_ball,サッカーボール
130,"129_accordion,_piano_accordion,_squeeze_box",アコーディオン
131,"130_ant,_emmet,_pismire",アリ
132,"131_starfish,_sea_star",ヒトデ
133,"132_chambered_nautilus,_pearly_nautilus,_nautilus",オウムガイ
134,"133_grand_piano,_grand",グランドピアノ
135,"134_laptop,_laptop_computer",ラップトップコンピュータ
136,135_strawberry,イチゴ
137,136_airliner,旅客機
138,"137_warplane,_military_plane",戦闘機
139,"138_airship,_dirigible",飛行船、飛行船
140,139_balloon,バルーン
141,140_space_shuttle,スペースシャトル
142,141_fireboat,消防船
143,142_gondola,ゴンドラ
144,143_speedboat,モーターボート
145,144_lifeboat,救命艇
146,145_canoe,カヌー
147,146_yawl,ヨール
148,147_catamaran,双胴船
149,148_trimaran,三胴船
150,"149_container_ship,_containership,_container_vessel",コンテナ船
151,"150_liner,_ocean_liner",オーシャン・ライナー
152,"151_pirate,_pirate_ship",海賊船
153,"152_aircraft_carrier,_carrier,_flattop,_attack_aircraft_carrier",空母
154,"153_submarine,_pigboat,_sub,_U-boat",潜水艦
155,154_wreck,難破
156,155_half_track,半装軌車
157,"156_tank,_army_tank,_armored_combat_vehicle,_armoured_combat_vehicle",装甲戦車
158,157_missile,ミサイル
159,"158_bobsled,_bobsleigh,_bob",ボブスレー
160,"159_dogsled,_dog_sled,_dog_sleigh",犬ぞり
161,"160_bicycle-built-for-two,_tandem_bicycle,_tandem",タンデム自転車
162,"161_mountain_bike,_all-terrain_bike,_off-roader",マウンテンバイク
163,162_freight_car,貨車
164,"163_passenger_car,_coach,_carriage",客車
165,"164_barrow,_garden_cart,_lawn_cart,_wheelbarrow",手押し車
166,165_shopping_cart,ショッピングカート
167,"166_motor_scooter,_scooter",スクーター
168,167_forklift,フォークリフト
169,168_electric_locomotive,電気機関車
170,169_steam_locomotive,蒸気機関車
171,"170_amphibian,_amphibious_vehicle",水陸両用車
172,171_ambulance,救急車
173,"172_beach_wagon,_station_wagon,_wagon,_estate_car,_beach_waggon,_station_waggon,_waggon",ステーションワゴン
174,"173_cab,_hack,_taxi,_taxicab",タクシー
175,174_convertible,コンバーチブル
176,"175_jeep,_landrover",ジープ
177,"176_limousine,_limo",リムジン
178,177_minivan,ミニバン
179,178_Model_T,フォード・モデルT
180,"179_racer,_race_car,_racing_car",レースカー
181,"180_sports_car,_sport_car",スポーツカー
182,181_go-kart,ゴーカート
183,"182_golfcart,_golf_cart",ゴルフカート
184,183_moped,モペッド
185,"184_snowplow,_snowplough",除雪車
186,"185_fire_engine,_fire_truck",消防車
187,"186_garbage_truck,_dustcart",ゴミ収集車
188,"187_pickup,_pickup_truck",ピックアップトラック
189,"188_tow_truck,_tow_car,_wrecker",レッカー車
190,"189_trailer_truck,_tractor_trailer,_trucking_rig,_rig,_articulated_lorry,_semi",トレーラー
191,190_moving_van,引っ越しトラック
192,"191_police_van,_police_wagon,_paddy_wagon,_patrol_wagon,_wagon,_black_Maria",警察バン
193,"192_recreational_vehicle,_RV,_R.V.",キャンピングカー
194,"193_streetcar,_tram,_tramcar,_trolley,_trolley_car",路面電車
195,194_snowmobile,スノーモービル
196,195_tractor,トラクター
197,"196_mobile_home,_manufactured_home",トレーラーハウス
198,"197_tricycle,_trike,_velocipede",三輪車
199,"198_unicycle,_monocycle",一輪車
200,"199_horse_cart,_horse-cart",馬車
201,200_mosquito_net,天蓋
202,201_oxcart,牛車
203,202_bassinet,新生児用ベッド
204,203_cradle,ゆりかご
205,"204_crib,_cot",ベビーベッド
206,205_four-poster, 四柱式ベッド
207,206_bookcase,本棚
208,"207_china_cabinet,_china_closet",食器棚
209,"208_medicine_chest,_medicine_cabinet",薬箱
210,"209_chiffonier,_commode",たんす
211,210_table_lamp,電気スタンド
212,"211_file,_file_cabinet,_filing_cabinet",書類整理棚
213,"212_pay-phone,_pay-station",公衆電話
214,213_park_bench,公園のベンチ
215,214_barber_chair,理髪椅子
216,215_throne,王座
217,216_folding_chair,折りたたみ椅子
218,"217_rocking_chair,_rocker",ロッキングチェア
219,"218_studio_couch,_day_bed",ソファベッド
220,219_toilet_seat,便座
221,220_desk,机
222,"221_pool_table,_billiard_table,_snooker_table",ビリヤードテーブル
223,"222_dining_table,_board",ダイニングテーブル
224,223_entertainment_center,エンターテインメント・センター家具
225,"224_wardrobe,_closet,_press",衣装ダンス
226,225_Granny_Smith,グラニースミス
227,226_orange,オレンジ
228,227_lemon,レモン
229,228_fig,イチジク
230,"229_pineapple,_ananas",パイナップル
231,230_banana,バナナ
232,"231_jackfruit,_jak,_jack",パラミツ
233,232_custard_apple,バンレイシ
234,233_pomegranate,ザクロ
235,234_acorn,ドングリ
236,"235_hip,_rose_hip,_rosehip",ローズヒップ
237,"236_ear,_spike,_capitulum",トウモロコシ（下穂）
238,237_rapeseed,セイヨウアブラナ
239,238_corn,コーン
240,"239_buckeye,_horse_chestnut,_conker",トチノキ
241,"240_organ,_pipe_organ",パイプオルガン
242,"241_upright,_upright_piano",アップライトピアノ
243,"242_chime,_bell,_gong",ベル
244,"243_drum,_membranophone,_tympan",ドラム
245,"244_gong,_tam-tam",ゴング
246,245_maraca,マラカス
247,"246_marimba,_xylophone",マリンバ
248,247_steel_drum,スチールドラム
249,248_banjo,バンジョー
250,"249_cello,_violoncello",チェロ
251,"250_lampshade,_lamp_shade",ランプのかさ
252,251_harp,ハープ
253,252_acoustic_guitar,アコースティックギター
254,253_electric_guitar,エレキギター
255,"254_cornet,_horn,_trumpet,_trump",トランペット
256,"255_French_horn,_horn",ホルン
257,256_trombone,トロンボーン
258,"257_harmonica,_mouth_organ,_harp,_mouth_harp",ハーモニカ
259,"258_ocarina,_sweet_potato",オカリナ
260,"259_panpipe,_pandean_pipe,_syrinx",パンパイプ
261,260_bassoon,ファゴット
262,"261_sax,_saxophone",サックス
263,"262_flute,_transverse_flute",フルート
264,263_daisy,デイジー
265,"264_yellow_lady's_slipper,_yellow_lady-slipper,_Cypripedium_calceolus,_Cypripedium_parviflorum",カラフトアツモリソウ
266,"265_cliff,_drop,_drop-off",崖
267,"266_valley,_vale",谷
268,267_alp,高山
269,268_volcano,火山
270,"269_promontory,_headland,_head,_foreland",岬
271,"270_sandbar,_sand_bar",砂州
272,271_coral_reef,サンゴ礁
273,"272_lakeside,_lakeshore",湖畔
274,"273_seashore,_coast,_seacoast,_sea-coast",海岸
275,274_geyser,間欠泉
276,275_hatchet,手斧
277,"276_cleaver,_meat_cleaver,_chopper",なた
278,"277_letter_opener,_paper_knife,_paperknife",ペーパーナイフ
279,"278_plane,_carpenter's_plane,_woodworking_plane",大工用かんな
280,279_power_drill,パワードリル
281,"280_lawn_mower,_mower",芝刈機
282,281_hammer,ハンマー
283,"282_corkscrew,_bottle_screw",コルクスクリュー、ボトルスクリュー
284,"283_can_opener,_tin_opener",缶切り
285,"284_plunger,_plumber's_helper",ラバーカップ
286,285_screwdriver,ドライバー
287,286_shovel,シャベル
288,"287_plow,_plough",耕運機
289,"288_chain_saw,_chainsaw",チェーンソー
290,289_cock,ニワトリ
291,290_hen,めんどり
292,"291_ostrich,_Struthio_camelus",ダチョウ
293,"292_brambling,_Fringilla_montifringilla",アトリ
294,"293_goldfinch,_Carduelis_carduelis",ゴシキヒワ
295,"294_house_finch,_linnet,_Carpodacus_mexicanus",メキシコマシコ
296,"295_junco,_snowbird",ユキヒメドリ
297,"296_indigo_bunting,_indigo_finch,_indigo_bird,_Passerina_cyanea",ルリノジコ
298,"297_robin,_American_robin,_Turdus_migratorius",コマツグミ
299,298_bulbul,ヒヨドリ
300,299_jay,カケス
301,300_magpie,カササギ
302,301_chickadee,クロイロコガラ
303,"302_water_ouzel,_dipper",メキシコカワガラス
304,303_kite,トビ
305,"304_bald_eagle,_American_eagle,_Haliaeetus_leucocephalus",ワシ
306,305_vulture,コンドル
307,"306_great_grey_owl,_great_gray_owl,_Strix_nebulosa",フクロウ
308,307_black_grouse,クロライチョウ
309,308_ptarmigan,雷鳥
310,"309_ruffed_grouse,_partridge,_Bonasa_umbellus",エリマキライチョウ
311,"310_prairie_chicken,_prairie_grouse,_prairie_fowl",ソウゲンライチョウ
312,311_peacock,孔雀
313,312_quail,ウズラ
314,313_partridge,ヤマウズラ
315,"314_African_grey,_African_gray,_Psittacus_erithacus",ヨウム
316,315_macaw,コンゴウインコ
317,"316_sulphur-crested_cockatoo,_Kakatoe_galerita,_Cacatua_galerita",キバタン
318,317_lorikeet,ヒインコ
319,318_coucal,バンケン
320,319_bee_eater,ハチクイ
321,320_hornbill,サイチョウ
322,321_hummingbird,ハチドリ
323,322_jacamar,キリハシ
324,323_toucan,オオハシ
325,324_drake,鴨
326,"325_red-breasted_merganser,_Mergus_serrator",ウミアイサ
327,326_goose,ガチョウ
328,"327_black_swan,_Cygnus_atratus",ブラック・スワン
329,"328_white_stork,_Ciconia_ciconia",シュバシコウ
330,"329_black_stork,_Ciconia_nigra",ナベコウ
331,330_spoonbill,ヘラサギ
332,331_flamingo,フラミンゴ
333,"332_American_egret,_great_white_heron,_Egretta_albus",ユキコサギ
334,"333_little_blue_heron,_Egretta_caerulea",スミレサギ
335,334_bittern,サンカノゴイ
336,335_crane_animal,鶴
337,"336_limpkin,_Aramus_pictus",ツルモドキ
338,"337_American_coot,_marsh_hen,_mud_hen,_water_hen,_Fulica_americana",アメリカオオバン
339,338_bustard,ノガン
340,"339_ruddy_turnstone,_Arenaria_interpres",キョウジョシギ
341,"340_red-backed_sandpiper,_dunlin,_Erolia_alpina",ハマシギ
342,"341_redshank,_Tringa_totanus",アカアシシギ
343,342_dowitcher,オオハシシギ
344,"343_oystercatcher,_oyster_catcher",ミヤコドリ
345,"344_European_gallinule,_Porphyrio_porphyrio",クイナ
346,345_pelican,ペリカン
347,"346_king_penguin,_Aptenodytes_patagonica",キングペンギン
348,"347_albatross,_mollymawk",アホウドリ
349,"348_great_white_shark,_white_shark,_man-eater,_man-eating_shark,_Carcharodon_carcharias",ホホジロザメ
350,"349_tiger_shark,_Galeocerdo_cuvieri",イタチザメ
351,"350_hammerhead,_hammerhead_shark",シュモクザメ
352,"351_electric_ray,_crampfish,_numbfish,_torpedo",シビレエイ
353,352_stingray,アカエイ
354,"353_barracouta,_snoek",バラクーダ
355,"354_coho,_cohoe,_coho_salmon,_blue_jack,_silver_salmon,_Oncorhynchus_kisutch",ギンザケ
356,"355_tench,_Tinca_tinca",テンチ
357,"356_goldfish,_Carassius_auratus",金魚
358,357_eel,ウナギ
359,"358_rock_beauty,_Holocanthus_tricolor",ロック･ビューティー
360,359_anemone_fish,クマノミ
361,360_lionfish,ミノカサゴ
362,"361_puffer,_pufferfish,_blowfish,_globefish",フグ
363,362_sturgeon,チョウザメ
364,"363_gar,_garfish,_garpike,_billfish,_Lepisosteus_osseus",ダツ
365,"364_loggerhead,_loggerhead_turtle,_Caretta_caretta",アカウミガメ
366,365_mud_turtle,ドロガメ
367,366_terrapin,キスイガメ
368,"367_box_turtle,_box_tortoise",アメリカハコガメ
369,368_banded_gecko,バンドヤモリ
370,"369_common_iguana,_iguana,_Iguana_iguana",イグアナ
371,"370_American_chameleon,_anole,_Anolis_carolinensis",アノールトカゲ
372,"371_whiptail,_whiptail_lizard",ウィップテール・リザード
373,372_agama,アガマ
374,"373_frilled_lizard,_Chlamydosaurus_kingi",エリマキトカゲ
375,374_alligator_lizard,ワニトカゲ
376,"375_Gila_monster,_Heloderma_suspectum",アメリカドクトカゲ
377,"376_green_lizard,_Lacerta_viridis",グリーントカゲ
378,"377_African_chameleon,_Chamaeleo_chamaeleon",アフリカンカメレオン
379,"378_Komodo_dragon,_Komodo_lizard,_dragon_lizard,_giant_lizard,_Varanus_komodoensis",コモドドラゴン
380,379_triceratops,トリケラトプス
381,"380_African_crocodile,_Nile_crocodile,_Crocodylus_niloticus",ナイルワニ
382,"381_American_alligator,_Alligator_mississipiensis",アメリカアリゲーター
383,"382_thunder_snake,_worm_snake,_Carphophis_amoenus",サンダースネーク
384,"383_ringneck_snake,_ring-necked_snake,_ring_snake",クビワヘビ
385,"384_hognose_snake,_puff_adder,_sand_viper",ホーゴス・ヘビ
386,"385_green_snake,_grass_snake",アメリカアオヘビ
387,"386_king_snake,_kingsnake",キングヘビ
388,"387_garter_snake,_grass_snake",ガーターヘビ
389,388_water_snake,ミズベヘビ
390,389_vine_snake,ハナナガムチヘビ
391,"390_night_snake,_Hypsiglena_torquata",ナイトスネーク
392,"391_boa_constrictor,_Constrictor_constrictor",ボアコンストリクター
393,"392_rock_python,_rock_snake,_Python_sebae",アフリカニシキヘビ
394,"393_Indian_cobra,_Naja_naja",インドコブラ
395,394_green_mamba,ヒガシグリーンマンバ
396,395_sea_snake,ウミヘビ
397,"396_horned_viper,_cerastes,_sand_viper,_horned_asp,_Cerastes_cornutus",サハラツノクサリヘビ
398,397_stone_wall,石垣
399,"398_sidewinder,_horned_rattlesnake,_Crotalus_cerastes",ヨコバイガラガラヘビ
400,"399_European_fire_salamander,_Salamandra_salamandra",ヨーロッパサンショウウオ
401,"400_common_newt,_Triturus_vulgaris",スベイモリ
402,401_eft,イモリ
403,"402_spotted_salamander,_Ambystoma_maculatum",トラフサンショウウオ
404,"403_axolotl,_mud_puppy,_Ambystoma_mexicanum",ウーパールーパー
405,"404_bullfrog,_Rana_catesbeiana",ウシガエル
406,"405_tree_frog,_tree-frog",アマガエル
407,"406_tailed_frog,_bell_toad,_ribbed_toad,_tailed_toad,_Ascaphus_trui",スズガエル
408,407_whistle,ホイッスル
409,408_wing,翼
410,409_paintbrush,絵筆
411,410_oxygen_mask,酸素マスク
412,411_snorkel,シュノーケル
413,"412_loudspeaker,_speaker,_speaker_unit,_loudspeaker_system,_speaker_system",スピーカー
414,"413_microphone,_mike",マイク
415,"414_screen,_CRT_screen",CRT画面
416,"415_mouse,_computer_mouse",マウス
417,"416_electric_fan,_blower",扇風機
418,417_oil_filter,オイルフィルター
419,418_strainer,濾過器
420,419_space_heater,スペースヒーター
421,420_stove,ストーブ
422,421_guillotine,ギロチン
423,422_barometer,気圧計
424,"423_rule,_ruler",定規
425,"424_odometer,_hodometer,_mileometer,_milometer",走行距離計
426,"425_scale,_weighing_machine",計量機
427,426_analog_clock,アナログ時計
428,427_digital_clock,デジタル時計
429,428_wall_clock,壁時計
430,429_hourglass,砂時計
431,430_sundial,日時計
432,431_parking_meter,パーキングメーター
433,"432_stopwatch,_stop_watch",ストップウォッチ
434,433_digital_watch,デジタル腕時計
435,434_stethoscope,聴診器
436,435_syringe,注射器
437,436_magnetic_compass,方位磁針
438,"437_binoculars,_field_glasses,_opera_glasses",双眼鏡
439,438_projector,プロジェクター
440,"439_sunglasses,_dark_glasses,_shades",サングラス
441,"440_loupe,_jeweler's_loupe",ルーペ
442,"441_radio_telescope,_radio_reflector",電波望遠鏡
443,442_bow,蝶形リボン
444,443_cannon,大砲
445,"444_assault_rifle,_assault_gun",アサルトライフル
446,445_rifle,ライフル
447,"446_projectile,_missile",ミサイル
448,"447_computer_keyboard,_keypad",キーボード
449,448_typewriter_keyboard,タイプライターキーボード
450,449_crane_device,クレーン
451,"450_lighter,_light,_igniter,_ignitor",ライター
452,451_abacus,そろばん
453,"452_cash_machine,_cash_dispenser,_automated_teller_machine,_automatic_teller_machine,_automated_teller,_automatic_teller,_ATM",ATM
454,"453_slide_rule,_slipstick",計算尺
455,454_desktop_computer,デスクトップコンピューター
456,"455_hand-held_computer,_hand-held_microcomputer",ハンドヘルドコンピュータ
457,"456_notebook,_notebook_computer",ノートブックコンピュータ
458,457_padlock,南京錠
459,"458_harvester,_reaper",ハーベスター
460,"459_thresher,_thrasher,_threshing_machine",脱穀機
461,460_printer,プリンタ
462,"461_slot,_one-armed_bandit",スロット
463,462_vending_machine,自動販売機
464,463_sewing_machine,ミシン
465,464_joystick,ジョイスティック
466,"465_switch,_electric_switch,_electrical_switch",電気スイッチ
467,"466_hook,_claw",かぎ爪
468,467_car_wheel,車輪
469,"468_paddlewheel,_paddle_wheel",外輪
470,469_pinwheel,風車
471,470_potter's_wheel,ろくろ
472,"471_gas_pump,_gasoline_pump,_petrol_pump,_island_dispenser",ガソリンポンプ
473,"472_carousel,_carrousel,_merry-go-round,_roundabout,_whirligig",メリーゴーランド
474,473_swing,ブランコ
475,474_reel,リール
476,475_radiator,ラジエーター
477,"476_puck,_hockey_puck",アイスホッケーパック
478,"477_hard_disc,_hard_disk,_fixed_disk",ハードディスク
479,478_sunglass,サングラス
480,"479_pick,_plectrum,_plectron",ピック
481,480_car_mirror,サイドミラー
482,"481_solar_dish,_solar_collector,_solar_furnace",太陽炉
483,"482_remote_control,_remote",リモコン
484,"483_disk_brake,_disc_brake",ディスクブレーキ
485,484_buckle,バックル
486,485_hair_slide,ヘアクリップ
487,486_knot,結び目
488,487_combination_lock,ダイヤル錠
489,"488_web_site,_website,_internet_site,_site",ウェブサイト
490,489_nail,釘
491,490_safety_pin,安全ピン
492,491_screw,ねじ
493,492_muzzle,口輪
494,"493_seat_belt,_seatbelt",シートベルト
495,494_ski,スキー
496,"495_candle,_taper,_wax_light",キャンドル
497,496_jack-o'-lantern,ジャック・オー・ランタン
498,"497_spotlight,_spot",スポットライト
499,498_torch,トーチ
500,499_neck_brace,ネックカラー
501,500_pier,埠頭
502,501_tripod,三脚
503,502_maypole,メイポール
504,"503_hand_blower,_blow_dryer,_blow_drier,_hair_dryer,_hair_drier",ヘアドライヤー
505,504_mousetrap,ネズミ捕り
506,"505_spider_web,_spider's_web",クモの巣
507,506_trilobite,三葉虫
508,"507_harvestman,_daddy_longlegs,_Phalangium_opilio",ザトウムシ
509,508_scorpion,サソリ
510,"509_black_and_gold_garden_spider,_Argiope_aurantia",キマダラコガネグモ
511,"510_barn_spider,_Araneus_cavaticus",オニグモ
512,"511_garden_spider,_Aranea_diademata",コガネグモ
513,"512_black_widow,_Latrodectus_mactans",クロゴケグモ
514,513_tarantula,タランチュラ
515,"514_wolf_spider,_hunting_spider",コモリグモ
516,515_tick,ダニ
517,516_centipede,ムカデ
518,517_isopod,ワラジムシ
519,"518_Dungeness_crab,_Cancer_magister",アメリカイチョウガニ
520,"519_rock_crab,_Cancer_irroratus",イチョウガニ
521,520_fiddler_crab,シオマネキ
522,"521_king_crab,_Alaska_crab,_Alaskan_king_crab,_Alaska_king_crab,_Paralithodes_camtschatica",タラバガニ
523,"522_American_lobster,_Northern_lobster,_Maine_lobster,_Homarus_americanus",アメリカンロブスター
524,"523_spiny_lobster,_langouste,_rock_lobster,_crawfish,_crayfish,_sea_crawfish",イセエビ
525,"524_crayfish,_crawfish,_crawdad,_crawdaddy",ザリガニ
526,525_hermit_crab,ヤドカリ
527,526_tiger_beetle,ハンミョウ
528,"527_ladybug,_ladybeetle,_lady_beetle,_ladybird,_ladybird_beetle",てんとう虫
529,"528_ground_beetle,_carabid_beetle",オサムシ
530,"529_long-horned_beetle,_longicorn,_longicorn_beetle",ゴマダラカミキリ
531,"530_leaf_beetle,_chrysomelid",ハムシ
532,531_dung_beetle,フンコロガシ
533,532_rhinoceros_beetle,カブトムシ
534,533_weevil,ゾウムシ
535,534_fly,ハエ
536,535_bee,蜂
537,"536_grasshopper,_hopper",バッタ
538,537_cricket,クリケット
539,"538_walking_stick,_walkingstick,_stick_insect",ナナフシ
540,"539_cockroach,_roach",ゴキブリ
541,"540_mantis,_mantid",カマキリ
542,"541_cicada,_cicala",セミ
543,542_leafhopper,ヨコバイ
544,"543_lacewing,_lacewing_fly",クサカゲロウ
545,"544_dragonfly,_darning_needle,_devil's_darning_needle,_sewing_needle,_snake_feeder,_snake_doctor,_mosquito_hawk,_skeeter_hawk",トンボ
546,545_damselfly,イトトンボ
547,546_admiral,アカタテハ
548,"547_ringlet,_ringlet_butterfly",チョウセンジャノメ
549,"548_monarch,_monarch_butterfly,_milkweed_butterfly,_Danaus_plexippus",オオカバマダラ
550,549_cabbage_butterfly,オオモンシロチョウ
551,"550_sulphur_butterfly,_sulfur_butterfly",硫黄蝶
552,"551_lycaenid,_lycaenid_butterfly",シジミチョウ
553,552_jellyfish,クラゲ
554,"553_sea_anemone,_anemone",イソギンチャク
555,554_brain_coral,キクメイシ
556,"555_flatworm,_platyhelminth",扁形動物
557,"556_nematode,_nematode_worm,_roundworm",線虫
558,557_conch,巻貝
559,558_snail,カタツムリ
560,559_slug,なめくじ
561,"560_sea_slug,_nudibranch",ウミウシ
562,"561_chiton,_coat-of-mail_shell,_sea_cradle,_polyplacophore",多板綱
563,562_sea_urchin,うに
564,"563_sea_cucumber,_holothurian",ナマコ
565,"564_iron,_smoothing_iron",アイロン
566,565_espresso_maker,エスプレッソメーカー
567,"566_microwave,_microwave_oven",電子レンジ
568,567_Dutch_oven,ダッチオーブン
569,568_rotisserie,回転肉焼き器
570,569_toaster,トースター
571,570_waffle_iron,ワッフル焼き型
572,"571_vacuum,_vacuum_cleaner",掃除機
573,"572_dishwasher,_dish_washer,_dishwashing_machine",食器洗い機
574,"573_refrigerator,_icebox",冷蔵庫
575,"574_washer,_automatic_washer,_washing_machine",洗濯機
576,575_Crock_Pot,調理鍋
577,"576_frying_pan,_frypan,_skillet",フライパン
578,577_wok,中華鍋
579,"578_caldron,_cauldron",大釜
580,579_coffeepot,コーヒーポット
581,580_teapot,ティーポット
582,581_spatula,へら
583,582_altar,祭壇
584,583_triumphal_arch,凱旋門
585,"584_patio,_terrace",テラス
586,585_steel_arch_bridge,鋼アーチ橋
587,586_suspension_bridge,吊橋
588,587_viaduct,高架橋
589,588_barn,納屋
590,"589_greenhouse,_nursery,_glasshouse",温室
591,590_palace,宮殿
592,591_monastery,修道院
593,592_library,図書館
594,"593_apiary,_bee_house",養蜂場
595,594_boathouse,舟小屋
596,"595_church,_church_building",教会
597,596_mosque,モスク
598,"597_stupa,_tope",卒塔婆
599,598_planetarium,プラネタリウム
600,"599_restaurant,_eating_house,_eating_place,_eatery",レストラン
601,"600_cinema,_movie_theater,_movie_theatre,_movie_house,_picture_palace",映画館
602,"601_home_theater,_home_theatre",ホームシアター
603,"602_lumbermill,_sawmill",製材所
604,"603_coil,_spiral,_volute,_whorl,_helix",らせん階段
605,604_obelisk,オベリスク
606,605_totem_pole,トーテムポール
607,606_castle,城
608,"607_prison,_prison_house",刑務所
609,"608_grocery_store,_grocery,_food_market,_market",食品市場
610,"609_bakery,_bakeshop,_bakehouse",ベーカリー
611,610_barbershop,理髪店
612,"611_bookshop,_bookstore,_bookstall",書店
613,"612_butcher_shop,_meat_market",食肉市場
614,"613_confectionery,_confectionary,_candy_store",キャンディー・ストア
615,"614_shoe_shop,_shoe-shop,_shoe_store",靴屋
616,"615_tobacco_shop,_tobacconist_shop,_tobacconist",タバコ屋
617,616_toyshop,玩具屋
618,617_fountain,噴水
619,618_cliff_dwelling,崖住居
620,619_yurt,ゲル
621,"620_dock,_dockage,_docking_facility",ドック
622,"621_brass,_memorial_tablet,_plaque",記念碑
623,"622_megalith,_megalithic_structure",巨石構造
624,"623_bannister,_banister,_balustrade,_balusters,_handrail",手すり
625,"624_breakwater,_groin,_groyne,_mole,_bulwark,_seawall,_jetty",防波堤
626,"625_dam,_dike,_dyke",ダム
627,626_chainlink_fence,金網フェンス
628,"627_picket_fence,_paling",囲い柵
629,"628_worm_fence,_snake_fence,_snake-rail_fence,_Virginia_fence",ワームフェンス
630,"629_diamondback,_diamondback_rattlesnake,_Crotalus_adamanteus",ガラガラヘビ
631,"630_grille,_radiator_grille",フロントグリル
632,631_sliding_door,引き戸
633,632_turnstile,改札口
634,633_mountain_tent,テント
635,634_scoreboard,スコアボード
636,635_honeycomb,ハニカム構造
637,636_plate_rack,プレートラック
638,"637_pedestal,_plinth,_footstall",台座
639,"638_beacon,_lighthouse,_beacon_light,_pharos",灯台
640,"639_leatherback_turtle,_leatherback,_leathery_turtle,_Dermochelys_coriacea",オサガメ
641,640_mashed_potato,マッシュポテト
642,641_bell_pepper,ピーマン
643,642_head_cabbage,キャベツ
644,643_broccoli,ブロッコリ
645,644_cauliflower,カリフラワー
646,"645_zucchini,_courgette",ズッキーニ
647,646_spaghetti_squash,キンシウリ
648,647_acorn_squash,ドングリカボチャ
649,648_butternut_squash,バターナット・スクウォッシュ
650,"649_cucumber,_cuke",キュウリ
651,"650_artichoke,_globe_artichoke",アーティチョーク
652,651_cardoon,カルドン
653,652_mushroom,キノコ
654,653_shower_curtain,シャワーカーテン
655,"654_jean,_blue_jean,_denim",ジーンズ
656,655_carton,段ボール
657,"656_handkerchief,_hankie,_hanky,_hankey",ハンカチ
658,657_sandal,サンダル
659,"658_ashcan,_trash_can,_garbage_can,_wastebin,_ash_bin,_ash-bin,_ashbin,_dustbin,_trash_barrel,_trash_bin",ごみ箱
660,659_safe,金庫
661,660_plate,プレート
662,661_necklace,ネックレス
663,662_croquet_ball,クロケットボール
664,663_fur_coat,毛皮コート
665,664_thimble,指ぬき
666,"665_pajama,_pyjama,_pj's,_jammies",パジャマ
667,666_running_shoe,ランニングシューズ
668,"667_oboe,_hautboy,_hautbois",オーボエ
669,668_cocktail_shaker,カクテルシェーカー
670,669_chest,箱
671,670_manhole_cover,マンホールカバー
672,671_modem,モデム
673,"672_tub,_vat",浴槽
674,673_tray,トレイ
675,"674_balance_beam,_beam",平均台
676,"675_bagel,_beigel",ベーグル
677,"676_violin,_fiddle",バイオリン
678,"677_prayer_rug,_prayer_mat",礼拝用敷物
679,678_kimono,着物
680,"679_hot_pot,_hotpot",火鍋
681,680_whiskey_jug,ウイスキーの水差し
682,681_knee_pad,膝パッド
683,"682_book_jacket,_dust_cover,_dust_jacket,_dust_wrapper",ブックカバー
684,683_spindle,紡錘
685,684_ski_mask,目出し帽
686,685_beer_bottle,ビール瓶
687,686_crash_helmet,クラッシュ・ヘルメット
688,687_bottlecap,瓶のキャップ
689,688_tile_roof,瓦屋根
690,689_mask,仮面
691,690_maillot,レオタード
692,691_Petri_dish,シャーレ
693,692_football_helmet,フットボールヘルメット
694,"693_bathing_cap,_swimming_cap",水泳用キャップ
695,"694_teddy,_teddy_bear",テディベア
696,695_holster,銃ケース
697,"696_pop_bottle,_soda_bottle",炭酸飲料
698,697_photocopier,コピー機
699,698_vestment,祭服
700,"699_crossword_puzzle,_crossword",クロスワードパズル
701,700_golf_ball,ゴルフボール
702,701_trifle,トライフル
703,"702_suit,_suit_of_clothes",スーツ
704,703_water_tower,給水塔
705,"704_feather_boa,_boa",ボア
706,705_cloak,マント
707,706_red_wine,赤ワイン
708,707_drumstick,ドラムスティック
709,"708_shield,_buckler",盾
710,709_Christmas_stocking,クリスマス・ストッキング
711,"710_hoopskirt,_crinoline",フープスキート
712,711_menu,メニュー
713,712_stage,ステージ
714,"713_bonnet,_poke_bonnet",ポークボンネット
715,"714_meat_loaf,_meatloaf",ミートローフ
716,715_baseball,野球
717,716_face_powder,おしろい
718,717_scabbard,サヤ
719,"718_sunscreen,_sunblock,_sun_blocker",日焼け止め
720,719_beer_glass,ビールグラス
721,"720_hen-of-the-woods,_hen_of_the_woods,_Polyporus_frondosus,_Grifola_frondosa",マイタケ
722,721_guacamole,ワカモレ
723,"722_wool,_woolen,_woollen",ウール
724,723_hay,干し草
725,"724_bow_tie,_bow-tie,_bowtie",ちょうネクタイ
726,"725_mailbag,_postbag",メールバッグ
727,726_water_jug,水差し
728,"727_bucket,_pail",バケツ
729,"728_dishrag,_dishcloth",ヘチマ布巾
730,729_soup_bowl,スープボール
731,730_eggnog,エッグノッグ
732,731_mortar,すり鉢
733,732_trench_coat,トレンチコート
734,"733_paddle,_boat_paddle",パドル
735,734_chain,鎖
736,"735_swab,_swob,_mop",モップ
737,736_mixing_bowl,ミキサーボウル
738,737_potpie,ポットパイ
739,738_wine_bottle,ワインボトル
740,739_shoji,障子
741,740_bulletproof_vest,防弾チョッキ
742,"741_drilling_platform,_offshore_rig",掘削プラットホーム
743,"742_binder,_ring-binder",バインダー
744,743_cardigan,カーディガン
745,744_sweatshirt,トレーナー
746,"745_pot,_flowerpot",植木鉢
747,746_birdhouse,小鳥小屋
748,"747_jinrikisha,_ricksha,_rickshaw",人力車
749,748_hamper,バスケット
750,749_ping-pong_ball,ピンポン球
751,"750_pencil_box,_pencil_case",鉛筆ケース
752,751_consomme,コンソメ
753,752_apron,エプロン
754,"753_punching_bag,_punch_bag,_punching_ball,_punchball",サンドバッグ
755,"754_backpack,_back_pack,_knapsack,_packsack,_rucksack,_haversack",バックパック
756,"755_groom,_bridegroom",新郎
757,"756_bearskin,_busby,_shako",黒毛皮帽
758,757_pencil_sharpener,鉛筆削り
759,758_broom,ほうき
760,759_abaya,アバヤ
761,760_mortarboard,式帽
762,761_poncho,ポンチョ
763,762_crutch,松葉杖
764,"763_Polaroid_camera,_Polaroid_Land_camera",ポラロイドカメラ
765,764_space_bar,スペースキー
766,765_cup,カップ
767,"766_racket,_racquet",ラケット
768,"767_traffic_light,_traffic_signal,_stoplight",信号機
769,"768_quill,_quill_pen",羽根ペン
770,"769_radio,_wireless",無線
771,"770_snow_leopard,_ounce,_Panthera_uncia",ユキヒョウ
772,771_dough,生地
773,772_cuirass,胴よろい
774,773_military_uniform,軍服
775,"774_lipstick,_lip_rouge",口紅
776,775_shower_cap,シャワーキャップ
777,776_monitor,モニター
778,"777_oscilloscope,_scope,_cathode-ray_oscilloscope,_CRO",オシロスコープ
779,778_mitten,ミトン
780,"779_brassiere,_bra,_bandeau",ブラジャー
781,780_French_loaf,フランスパン
782,781_vase,花瓶
783,782_milk_can,ミルク缶
784,783_rugby_ball,ラグビーボール
785,784_paper_towel,ペーパータオル
786,785_earthstar,ヒメツチグリ
787,786_envelope,封筒
788,"787_miniskirt,_mini",ミニスカート
789,"788_cowboy_hat,_ten-gallon_hat",テンガロンハット
790,"789_trolleybus,_trolley_coach,_trackless_trolley",トロリーバス
791,"790_perfume,_essence",香水
792,"791_bathtub,_bathing_tub,_bath,_tub",浴槽
793,"792_hotdog,_hot_dog,_red_hot",ホットドッグ
794,793_coral_fungus,シロソウメンタケ
795,"794_bullet_train,_bullet",新幹線
796,795_pillow,枕
797,"796_toilet_tissue,_toilet_paper,_bathroom_tissue",トイレットペーパー
798,797_cassette,カセット
799,"798_carpenter's_kit,_tool_kit",大工用キット
800,799_ladle,おたま
801,"800_stinkhorn,_carrion_fungus",スッポンタケ
802,801_lotion,ローション
803,802_hair_spray,ヘアスプレー
804,"803_academic_gown,_academic_robe,_judge's_robe",アカデミックガウン
805,804_dome,ドーム
806,805_crate,木箱
807,806_wig,かつら
808,807_burrito,ブリート
809,808_pill_bottle,薬瓶
810,"809_chain_mail,_ring_mail,_mail,_chain_armor,_chain_armour,_ring_armor,_ring_armour",リングアーマー
811,"810_theater_curtain,_theatre_curtain",シアターカーテン
812,811_window_shade,ブラインド
813,"812_barrel,_cask",たる
814,"813_washbasin,_handbasin,_washbowl,_lavabo,_wash-hand_basin",洗面器
815,"814_ballpoint,_ballpoint_pen,_ballpen,_Biro",ボールペン
816,815_basketball,バスケットボール
817,816_bath_towel,バスタオル
818,817_cowboy_boot,カウボーイブーツ
819,818_gown,ガウン
820,819_window_screen,網戸
821,820_agaric,ハラタケ
822,821_standard_poodle,スタンダード・プードル
823,"822_cellular_telephone,_cellular_phone,_cellphone,_cell,_mobile_phone",携帯電話
824,823_nipple,ほ乳瓶
825,824_barbell,バーベル
826,"825_mailbox,_letter_box",郵便受け
827,"826_lab_coat,_laboratory_coat",白衣
828,"827_fire_screen,_fireguard",防火柵
829,828_minibus,マイクロバス
830,829_packet,小包
831,"830_brown_bear,_bruin,_Ursus_arctos",ヒグマ
832,831_pole,電柱
833,"832_horizontal_bar,_high_bar",鉄棒
834,833_sombrero,ソンブレロ
835,834_pickelhaube,ピッケルハウベ
836,835_rain_barrel,天水桶
837,"836_wallet,_billfold,_notecase,_pocketbook",お札入れ
838,837_cassette_player,カセット・プレーヤー
839,838_comic_book,マンガ
840,"839_piggy_bank,_penny_bank",貯金箱
841,840_street_sign,道路標識
842,"841_bell_cote,_bell_cot",鐘つり塔
843,842_fountain_pen,万年筆
844,843_Windsor_tie,ウィンザーネクタイ
845,844_volleyball,バレーボール
846,845_overskirt,スカート
847,846_sarong,サロン
848,847_purse,財布
849,"848_bolo_tie,_bolo,_bola_tie,_bola",ポーラー・タイ
850,849_bib,よだれかけ
851,"850_parachute,_chute",パラシュート
852,851_sleeping_bag,寝袋
853,"852_television,_television_system",テレビ
854,"853_swimming_trunks,_bathing_trunks",水着
855,854_measuring_cup,計量カップ
856,855_espresso,エスプレッソ
857,"856_pizza,_pizza_pie",ピザ
858,"857_breastplate,_aegis,_egis",胸当て
859,858_shopping_basket,買い物かご
860,859_wooden_spoon,木製スプーン
861,"860_saltshaker,_salt_shaker",塩入れ
862,"861_chocolate_sauce,_chocolate_syrup",チョコレートシロップ
863,"862_ballplayer,_baseball_player",野球選手
864,863_goblet,聖爵
865,864_gyromitra,シャグマアミガサタケ
866,865_stretcher,ストレッチャー
867,866_water_bottle,水入れ、水筒
868,"867_skunk,_polecat,_wood_pussy",スカンク
869,868_soap_dispenser,ソープ・ディスペンサー
870,"869_jersey,_T-shirt,_tee_shirt",Tシャツ
871,870_school_bus,スクールバス
872,871_jigsaw_puzzle,ジグソーパズル
873,872_plastic_bag,ビニール袋
874,873_reflex_camera,一眼レフ
875,"874_diaper,_nappy,_napkin",おむつ
876,875_Band_Aid,バンドエイド
877,"876_ice_lolly,_lolly,_lollipop,_popsicle",アイスキャンディー
878,877_velvet,ベルベット
879,878_tennis_ball,テニスボール
880,"879_gasmask,_respirator,_gas_helmet",ガスマスク
881,"880_doormat,_welcome_mat",ドアマット
882,881_Loafer,ローファー
883,"882_ice_cream,_icecream",アイスクリーム
884,883_pretzel,プレッツェル
885,"884_quilt,_comforter,_comfort,_puff",キルト
886,"885_maillot,_tank_suit",ワンピース水着
887,886_tape_player,テーププレーヤー
888,"887_clog,_geta,_patten,_sabot",木靴
889,888_iPod,iPod
890,889_bolete,ヤマドリタケ
891,"890_meerkat,_mierkat",ミーアキャット
892,891_scuba_diver,スキューバダイビング
893,"892_pitcher,_ewer",ピッチャー
894,893_matchstick,マッチ棒
895,"894_bikini,_two-piece",ビキニ
896,895_sock,靴下
897,896_CD_player,CDプレーヤー
898,"897_lens_cap,_lens_cover",レンズキャップ
899,"898_thatch,_thatched_roof",茅葺き屋根
900,899_vault,アーチ形天井
901,900_beaker,ビーカー
902,901_bubble,泡
903,902_cheeseburger,チーズバーガー
904,"903_parallel_bars,_bars",平行棒
905,"904_flagpole,_flagstaff",フラッグポール
906,905_coffee_mug,コーヒーマグカップ
907,"906_rubber_eraser,_rubber,_pencil_eraser",消しゴム
908,907_stole,ストール
909,908_carbonara,カルボナーラ
910,909_dumbbell,ダンベル
911,910_Siberian_husky,シベリアンハスキー
912,"911_English_springer,_English_springer_spaniel",イングリッシュ・スプリンガー・スパニエル
913,"912_malamute,_malemute,_Alaskan_malamute",アラスカン・マラミュート
914,"913_Walker_hound,_Walker_foxhound",ツリーイング・ウォーカー・クーンハウンド
915,914_Welsh_springer_spaniel,ウェルシュ・スプリンガー・スパニエル
916,915_whippet,ウィペット
917,916_Weimaraner,ワイマラナー
918,917_soft-coated_wheaten_terrier,ソフトコーテッド・ウィートン・テリア
919,"918_Dandie_Dinmont,_Dandie_Dinmont_terrier",ダンディ・ディンモント・テリア
920,"919_Old_English_sheepdog,_bobtail",オールド・イングリッシュ・シープドッグ
921,"920_otterhound,_otter_hound",オッターハウンド
922,"921_bloodhound,_sleuthhound",ブラッドハウンド
923,"922_Airedale,_Airedale_terrier",エアデール・テリア
924,923_giant_schnauzer,ジャイアント・シュナウザー
925,924_black-and-tan_coonhound,ブラック・アンド・タン・クーンハウンド
926,925_papillon,パピヨン
927,926_Mexican_hairless,メキシカン・ヘアレス・ドッグ
928,"927_Cardigan,_Cardigan_Welsh_corgi",ウェルシュ・コーギー・カーディガン
929,928_malinois,ベルジアン・シェパード・ドッグ・マリノア
930,"929_Lhasa,_Lhasa_apso",ラサ・アプソ
931,"930_Norwegian_elkhound,_elkhound",ノルウェジアン・エルクハウンド・グレー
932,931_Rottweiler,ロットワイラー
933,"932_Saluki,_gazelle_hound",サルーキ
934,933_schipperke,スキッパーキ
935,934_Brabancon_griffon,ブリュッセル・グリフォン
936,935_West_Highland_white_terrier,ウエスト・ハイランド・ホワイト・テリア
937,"936_Sealyham_terrier,_Sealyham",シーリハム・テリア
938,937_Irish_wolfhound,アイリッシュ・ウルフハウンド
939,938_EntleBucher,エントレブッハー・キャトル・ドッグ
940,939_French_bulldog,フレンチ・ブルドッグ
941,940_Bernese_mountain_dog,バーニーズ・マウンテン・ドッグ
942,"941_Maltese_dog,_Maltese_terrier,_Maltese",マルチーズ
943,942_Norfolk_terrier,ノーフォーク・テリア
944,943_toy_terrier,トイ・テリア
945,"944_cairn,_cairn_terrier",ケアーン・テリア
946,945_groenendael,ベルジアン・シェパード・ドッグ・グローネンダール
947,"946_clumber,_clumber_spaniel",クランバー・スパニエル
948,"947_Afghan_hound,_Afghan",アフガン・ハウンド
949,948_Japanese_spaniel,狆
950,"949_borzoi,_Russian_wolfhound",ボルゾイ
951,950_toy_poodle,トイプードル
952,951_Kerry_blue_terrier,ケリー・ブルー・テリア
953,"952_Scotch_terrier,_Scottish_terrier,_Scottie",スコティッシュ・テリア
954,"953_Boston_bull,_Boston_terrier",ボストン・テリア
955,954_Greater_Swiss_Mountain_dog,グレーター・スイス・マウンテン・ドッグ
956,955_Appenzeller,アッペンツェラー・キャトル・ドッグ
957,956_Shih-Tzu,シーズー
958,957_Irish_water_spaniel,アイリッシュ・ウォーター・スパニエル
959,958_Pomeranian,ポメラニアン
960,959_Bedlington_terrier,ベドリントン・テリア
961,960_miniature_schnauzer,ミニチュア・シュナウザー
962,961_collie,コリー
963,962_Irish_terrier,アイリッシュ・テリア
964,"963_affenpinscher,_monkey_pinscher,_monkey_dog",アーフェンピンシャー
965,"964_silky_terrier,_Sydney_silky",オーストラリアン・シルキー・テリア
966,965_beagle,ビーグル
967,966_Leonberg,レオンベルガー
968,967_German_short-haired_pointer,ジャーマン・ショートヘアード・ポインター
969,"968_dhole,_Cuon_alpinus",ドール
970,969_Chesapeake_Bay_retriever,チェサピーク・ベイ・レトリーバー
971,970_bull_mastiff,ブルマスティフ
972,971_kuvasz,クーバース
973,"972_pug,_pug-dog",パグ
974,973_curly-coated_retriever,カーリーコーテッド・レトリーバー
975,974_Norwich_terrier,ノーリッチ・テリア
976,975_keeshond,キースホンド
977,976_Lakeland_terrier,レークランド・テリア
978,977_standard_schnauzer,スタンダード・シュナウザー
979,"978_Tibetan_terrier,_chrysanthemum_dog",チベタン・テリア
980,979_wire-haired_fox_terrier,ワイアー・フォックス・テリア
981,"980_basset,_basset_hound",バセット・ハウンド
982,"981_chow,_chow_chow",チャウ・チャウ
983,"982_American_Staffordshire_terrier,_Staffordshire_terrier,_American_pit_bull_terrier,_pit_bull_terrier",アメリカン・スタッフォードシャー・テリア
984,"983_Shetland_sheepdog,_Shetland_sheep_dog,_Shetland",シェットランド・シープドッグ
985,984_Great_Pyrenees,グレート・ピレニーズ
986,985_Chihuahua,チワワ
987,986_Labrador_retriever,ラブラドール・レトリバー
988,"987_Samoyed,_Samoyede",サモエド
989,988_bluetick,ブルーティック・クーンハウンド
990,989_kelpie,ケルピー
991,990_miniature_pinscher,ミニチュア・ピンシャー
992,991_Italian_greyhound,イタリアン・グレイハウンド
993,"992_cocker_spaniel,_English_cocker_spaniel,_cocker",コッカー・スパニエル
994,993_Sussex_spaniel,サセックス・スパニエル
995,"994_Pembroke,_Pembroke_Welsh_corgi",コーギー
996,995_Blenheim_spaniel,キャバリア・キング・チャールズ・スパニエル
997,"996_Ibizan_hound,_Ibizan_Podenco",イビザン・ハウンド
998,997_English_foxhound,イングリッシュ・フォックスハウンド
999,998_briard,ブリアード
1000,999_Border_terrier,ボーダー・テリア
